Workbook
Name Slicer_Representative: #N/A

Sheet Data
B1: Call Centre Data
B3: Call number | C3: Customer ID | D3: Duration | E3: Representative | F3: Date of Call | G3: Purchase Amount | H3: Satisfaction Rating | I3: FY | J3: Day of week | K3: Duration Bucket | L3: Rating rounded | M3: Avg Duration | Q3: Customer ID | R3: Gedner | S3: Age | T3: City
B4: Call_7271 | C4: C0003 | D4: 116 | E4: R05 | F4: 44927 | G4: 128 | H4: 4.9 | I4: =IF(MONTH(calls[[#This Row],[Date of Call]])<=6, YEAR(calls[[#This Row],[Date of Call]]), YEAR(calls[[#This Row],[Date of Call]])+1) -> 2023 | J4: =TEXT(calls[[#This Row],[Date of Call]],"DDDD") -> Sunday | K4: {=_xlfn.IFS(calls[[#This Row],[Duration]]<=10,"Under 10 mins", calls[[#This Row],[Duration]]<=30, "10 to 30 mins", calls[[#This Row],[Duration]]<=60, "30 to 60 mins", calls[[#This Row],[Duration]]<=120, "1 to 2 hours", TRUE, "More than 2 hours")} -> 1 to 2 hours | L4: =ROUND(calls[[#This Row],[Satisfaction Rating]],0) -> 5 | M4: =AVERAGE(calls[[#This Row],[Duration]]) -> 116 | Q4: C0001 | R4: Male | S4: 41 | T4: Columbus
B5: Call_7272 | C5: C0004 | D5: 119 | E5: R05 | F5: 44927 | G5: 135 | H5: 2.9 | I5: =IF(MONTH(calls[[#This Row],[Date of Call]])<=6, YEAR(calls[[#This Row],[Date of Call]]), YEAR(calls[[#This Row],[Date of Call]])+1) -> 2023 | J5: =TEXT(calls[[#This Row],[Date of Call]],"DDDD") -> Sunday | K5: {=_xlfn.IFS(calls[[#This Row],[Duration]]<=10,"Under 10 mins", calls[[#This Row],[Duration]]<=30, "10 to 30 mins", calls[[#This Row],[Duration]]<=60, "30 to 60 mins", calls[[#This Row],[Duration]]<=120, "1 to 2 hours", TRUE, "More than 2 hours")} -> 1 to 2 hours | L5: =ROUND(calls[[#This Row],[Satisfaction Rating]],0) -> 3 | M5: =AVERAGE(calls[[#This Row],[Duration]]) -> 119 | Q5: C0002 | R5: Male | S5: 31 | T5: Cleveland
B6: Call_7273 | C6: C0005 | D6: 68 | E6: R02 | F6: 44927 | G6: 66 | H6: 4.7 | I6: =IF(MONTH(calls[[#This Row],[Date of Call]])<=6, YEAR(calls[[#This Row],[Date of Call]]), YEAR(calls[[#This Row],[Date of Call]])+1) -> 2023 | J6: =TEXT(calls[[#This Row],[Date of Call]],"DDDD") -> Sunday | K6: {=_xlfn.IFS(calls[[#This Row],[Duration]]<=10,"Under 10 mins", calls[[#This Row],[Duration]]<=30, "10 to 30 mins", calls[[#This Row],[Duration]]<=60, "30 to 60 mins", calls[[#This Row],[Duration]]<=120, "1 to 2 hours", TRUE, "More than 2 hours")} -> 1 to 2 hours | L6: =ROUND(calls[[#This Row],[Satisfaction Rating]],0) -> 5 | M6: =AVERAGE(calls[[#This Row],[Duration]]) -> 68 | Q6: C0003 | R6: Male | S6: 26 | T6: Cincinnati
B7: Call_7274 | C7: C0014 | D7: 119 | E7: R02 | F7: 44927 | G7: 22 | H7: 2.9 | I7: =IF(MONTH(calls[[#This Row],[Date of Call]])<=6, YEAR(calls[[#This Row],[Date of Call]]), YEAR(calls[[#This Row],[Date of Call]])+1) -> 2023 | J7: =TEXT(calls[[#This Row],[Date of Call]],"DDDD") -> Sunday | K7: {=_xlfn.IFS(calls[[#This Row],[Duration]]<=10,"Under 10 mins", calls[[#This Row],[Duration]]<=30, "10 to 30 mins", calls[[#This Row],[Duration]]<=60, "30 to 60 mins", calls[[#This Row],[Duration]]<=120, "1 to 2 hours", TRUE, "More than 2 hours")} -> 1 to 2 hours | L7: =ROUND(calls[[#This Row],[Satisfaction Rating]],0) -> 3 | M7: =AVERAGE(calls[[#This Row],[Duration]]) -> 119 | Q7: C0004 | R7: Male | S7: 36 | T7: Cincinnati
B8: Call_7275 | C8: C0011 | D8: 128 | E8: R01 | F8: 44928 | G8: 31 | H8: 2.8 | I8: =IF(MONTH(calls[[#This Row],[Date of Call]])<=6, YEAR(calls[[#This Row],[Date of Call]]), YEAR(calls[[#This Row],[Date of Call]])+1) -> 2023 | J8: =TEXT(calls[[#This Row],[Date of Call]],"DDDD") -> Monday | K8: {=_xlfn.IFS(calls[[#This Row],[Duration]]<=10,"Under 10 mins", calls[[#This Row],[Duration]]<=30, "10 to 30 mins", calls[[#This Row],[Duration]]<=60, "30 to 60 mins", calls[[#This Row],[Duration]]<=120, "1 to 2 hours", TRUE, "More than 2 hours")} -> More than 2 hours | L8: =ROUND(calls[[#This Row],[Satisfaction Rating]],0) -> 3 | M8: =AVERAGE(calls[[#This Row],[Duration]]) -> 128 | Q8: C0005 | R8: Male | S8: 37 | T8: Columbus
B9: Call_7276 | C9: C0011 | D9: 49 | E9: R02 | F9: 44929 | G9: 135 | H9: 4.8 | I9: =IF(MONTH(calls[[#This Row],[Date of Call]])<=6, YEAR(calls[[#This Row],[Date of Call]]), YEAR(calls[[#This Row],[Date of Call]])+1) -> 2023 | J9: =TEXT(calls[[#This Row],[Date of Call]],"DDDD") -> Tuesday | K9: {=_xlfn.IFS(calls[[#This Row],[Duration]]<=10,"Under 10 mins", calls[[#This Row],[Duration]]<=30, "10 to 30 mins", calls[[#This Row],[Duration]]<=60, "30 to 60 mins", calls[[#This Row],[Duration]]<=120, "1 to 2 hours", TRUE, "More than 2 hours")} -> 30 to 60 mins | L9: =ROUND(calls[[#This Row],[Satisfaction Rating]],0) -> 5 | M9: =AVERAGE(calls[[#This Row],[Duration]]) -> 49 | Q9: C0006 | R9: Male | S9: 23 | T9: Columbus
B10: Call_7277 | C10: C0007 | D10: 84 | E10: R05 | F10: 44929 | G10: 60 | H10: 4.7 | I10: =IF(MONTH(calls[[#This Row],[Date of Call]])<=6, YEAR(calls[[#This Row],[Date of Call]]), YEAR(calls[[#This Row],[Date of Call]])+1) -> 2023 | J10: =TEXT(calls[[#This Row],[Date of Call]],"DDDD") -> Tuesday | K10: {=_xlfn.IFS(calls[[#This Row],[Duration]]<=10,"Under 10 mins", calls[[#This Row],[Duration]]<=30, "10 to 30 mins", calls[[#This Row],[Duration]]<=60, "30 to 60 mins", calls[[#This Row],[Duration]]<=120, "1 to 2 hours", TRUE, "More than 2 hours")} -> 1 to 2 hours | L10: =ROUND(calls[[#This Row],[Satisfaction Rating]],0) -> 5 | M10: =AVERAGE(calls[[#This Row],[Duration]]) -> 84 | Q10: C0007 | R10: Female | S10: 22 | T10: Cleveland
B11: Call_7278 | C11: C0003 | D11: 103 | E11: R04 | F11: 44929 | G11: 148 | H11: 4.4 | I11: =IF(MONTH(calls[[#This Row],[Date of Call]])<=6, YEAR(calls[[#This Row],[Date of Call]]), YEAR(calls[[#This Row],[Date of Call]])+1) -> 2023 | J11: =TEXT(calls[[#This Row],[Date of Call]],"DDDD") -> Tuesday | K11: {=_xlfn.IFS(calls[[#This Row],[Duration]]<=10,"Under 10 mins", calls[[#This Row],[Duration]]<=30, "10 to 30 mins", calls[[#This Row],[Duration]]<=60, "30 to 60 mins", calls[[#This Row],[Duration]]<=120, "1 to 2 hours", TRUE, "More than 2 hours")} -> 1 to 2 hours | L11: =ROUND(calls[[#This Row],[Satisfaction Rating]],0) -> 4 | M11: =AVERAGE(calls[[#This Row],[Duration]]) -> 103 | Q11: C0008 | R11: Female | S11: 42 | T11: Cleveland
B12: Call_7279 | C12: C0005 | D12: 31 | E12: R02 | F12: 44929 | G12: 135 | H12: 3.6 | I12: =IF(MONTH(calls[[#This Row],[Date of Call]])<=6, YEAR(calls[[#This Row],[Date of Call]]), YEAR(calls[[#This Row],[Date of Call]])+1) -> 2023 | J12: =TEXT(calls[[#This Row],[Date of Call]],"DDDD") -> Tuesday | K12: {=_xlfn.IFS(calls[[#This Row],[Duration]]<=10,"Under 10 mins", calls[[#This Row],[Duration]]<=30, "10 to 30 mins", calls[[#This Row],[Duration]]<=60, "30 to 60 mins", calls[[#This Row],[Duration]]<=120, "1 to 2 hours", TRUE, "More than 2 hours")} -> 30 to 60 mins | L12: =ROUND(calls[[#This Row],[Satisfaction Rating]],0) -> 4 | M12: =AVERAGE(calls[[#This Row],[Duration]]) -> 31 | Q12: C0009 | R12: Female | S12: 25 | T12: Columbus
B13: Call_7280 | C13: C0010 | D13: 44 | E13: R03 | F13: 44929 | G13: 105 | H13: 2.9 | I13: =IF(MONTH(calls[[#This Row],[Date of Call]])<=6, YEAR(calls[[#This Row],[Date of Call]]), YEAR(calls[[#This Row],[Date of Call]])+1) -> 2023 | J13: =TEXT(calls[[#This Row],[Date of Call]],"DDDD") -> Tuesday | K13: {=_xlfn.IFS(calls[[#This Row],[Duration]]<=10,"Under 10 mins", calls[[#This Row],[Duration]]<=30, "10 to 30 mins", calls[[#This Row],[Duration]]<=60, "30 to 60 mins", calls[[#This Row],[Duration]]<=120, "1 to 2 hours", TRUE, "More than 2 hours")} -> 30 to 60 mins | L13: =ROUND(calls[[#This Row],[Satisfaction Rating]],0) -> 3 | M13: =AVERAGE(calls[[#This Row],[Duration]]) -> 44 | Q13: C0010 | R13: Female | S13: 30 | T13: Cleveland
B14: Call_7281 | C14: C0011 | D14: 102 | E14: R02 | F14: 44929 | G14: 69 | H14: 4.9 | I14: =IF(MONTH(calls[[#This Row],[Date of Call]])<=6, YEAR(calls[[#This Row],[Date of Call]]), YEAR(calls[[#This Row],[Date of Call]])+1) -> 2023 | J14: =TEXT(calls[[#This Row],[Date of Call]],"DDDD") -> Tuesday | K14: {=_xlfn.IFS(calls[[#This Row],[Duration]]<=10,"Under 10 mins", calls[[#This Row],[Duration]]<=30, "10 to 30 mins", calls[[#This Row],[Duration]]<=60, "30 to 60 mins", calls[[#This Row],[Duration]]<=120, "1 to 2 hours", TRUE, "More than 2 hours")} -> 1 to 2 hours | L14: =ROUND(calls[[#This Row],[Satisfaction Rating]],0) -> 5 | M14: =AVERAGE(calls[[#This Row],[Duration]]) -> 102 | Q14: C0011 | R14: Female | S14: 30 | T14: Cincinnati
B15: Call_7282 | C15: C0013 | D15: 135 | E15: R05 | F15: 44929 | G15: 46 | H15: 3.4 | I15: =IF(MONTH(calls[[#This Row],[Date of Call]])<=6, YEAR(calls[[#This Row],[Date of Call]]), YEAR(calls[[#This Row],[Date of Call]])+1) -> 2023 | J15: =TEXT(calls[[#This Row],[Date of Call]],"DDDD") -> Tuesday | K15: {=_xlfn.IFS(calls[[#This Row],[Duration]]<=10,"Under 10 mins", calls[[#This Row],[Duration]]<=30, "10 to 30 mins", calls[[#This Row],[Duration]]<=60, "30 to 60 mins", calls[[#This Row],[Duration]]<=120, "1 to 2 hours", TRUE, "More than 2 hours")} -> More than 2 hours | L15: =ROUND(calls[[#This Row],[Satisfaction Rating]],0) -> 3 | M15: =AVERAGE(calls[[#This Row],[Duration]]) -> 135 | Q15: C0012 | R15: Female | S15: 28 | T15: Cincinnati
... B18: Call_7285 | C18: C0013 | D18: 48 | E18: R01 | F18: 44930 | G18: 68 | H18: 4.9 | I18: =IF(MONTH(calls[[#This Row],[Date of Call]])<=6, YEAR(calls[[#This Row],[Date of Call]]), YEAR(calls[[#This Row],[Date of Call]])+1) -> 2023 | J18: =TEXT(calls[[#This Row],[Date of Call]],"DDDD") -> Wednesday | K18: {=_xlfn.IFS(calls[[#This Row],[Duration]]<=10,"Under 10 mins", calls[[#This Row],[Duration]]<=30, "10 to 30 mins", calls[[#This Row],[Duration]]<=60, "30 to 60 mins", calls[[#This Row],[Duration]]<=120, "1 to 2 hours", TRUE, "More than 2 hours")} -> 30 to 60 mins | L18: =ROUND(calls[[#This Row],[Satisfaction Rating]],0) -> 5 | M18: =AVERAGE(calls[[#This Row],[Duration]]) -> 48 | Q18: C0015 | R18: Female | S18: 43 | T18: Cleveland
B19: Call_7286 | C19: C0010 | D19: 176 | E19: R05 | F19: 44931 | G19: 24 | H19: 4.8 | I19: =IF(MONTH(calls[[#This Row],[Date of Call]])<=6, YEAR(calls[[#This Row],[Date of Call]]), YEAR(calls[[#This Row],[Date of Call]])+1) -> 2023 | J19: =TEXT(calls[[#This Row],[Date of Call]],"DDDD") -> Thursday | K19: {=_xlfn.IFS(calls[[#This Row],[Duration]]<=10,"Under 10 mins", calls[[#This Row],[Duration]]<=30, "10 to 30 mins", calls[[#This Row],[Duration]]<=60, "30 to 60 mins", calls[[#This Row],[Duration]]<=120, "1 to 2 hours", TRUE, "More than 2 hours")} -> More than 2 hours | L19: =ROUND(calls[[#This Row],[Satisfaction Rating]],0) -> 5 | M19: =AVERAGE(calls[[#This Row],[Duration]]) -> 176
B20: Call_7287 | C20: C0010 | D20: 99 | E20: R01 | F20: 44931 | G20: 195 | H20: 3.9 | I20: =IF(MONTH(calls[[#This Row],[Date of Call]])<=6, YEAR(calls[[#This Row],[Date of Call]]), YEAR(calls[[#This Row],[Date of Call]])+1) -> 2023 | J20: =TEXT(calls[[#This Row],[Date of Call]],"DDDD") -> Thursday | K20: {=_xlfn.IFS(calls[[#This Row],[Duration]]<=10,"Under 10 mins", calls[[#This Row],[Duration]]<=30, "10 to 30 mins", calls[[#This Row],[Duration]]<=60, "30 to 60 mins", calls[[#This Row],[Duration]]<=120, "1 to 2 hours", TRUE, "More than 2 hours")} -> 1 to 2 hours | L20: =ROUND(calls[[#This Row],[Satisfaction Rating]],0) -> 4 | M20: =AVERAGE(calls[[#This Row],[Duration]]) -> 99
B21: Call_7288 | C21: C0009 | D21: 28 | E21: R03 | F21: 44931 | G21: 28 | H21: 3.8 | I21: =IF(MONTH(calls[[#This Row],[Date of Call]])<=6, YEAR(calls[[#This Row],[Date of Call]]), YEAR(calls[[#This Row],[Date of Call]])+1) -> 2023 | J21: =TEXT(calls[[#This Row],[Date of Call]],"DDDD") -> Thursday | K21: {=_xlfn.IFS(calls[[#This Row],[Duration]]<=10,"Under 10 mins", calls[[#This Row],[Duration]]<=30, "10 to 30 mins", calls[[#This Row],[Duration]]<=60, "30 to 60 mins", calls[[#This Row],[Duration]]<=120, "1 to 2 hours", TRUE, "More than 2 hours")} -> 10 to 30 mins | L21: =ROUND(calls[[#This Row],[Satisfaction Rating]],0) -> 4 | M21: =AVERAGE(calls[[#This Row],[Duration]]) -> 28
B22: Call_7289 | C22: C0007 | D22: 54 | E22: R02 | F22: 44931 | G22: 170 | H22: 4.3 | I22: =IF(MONTH(calls[[#This Row],[Date of Call]])<=6, YEAR(calls[[#This Row],[Date of Call]]), YEAR(calls[[#This Row],[Date of Call]])+1) -> 2023 | J22: =TEXT(calls[[#This Row],[Date of Call]],"DDDD") -> Thursday | K22: {=_xlfn.IFS(calls[[#This Row],[Duration]]<=10,"Under 10 mins", calls[[#This Row],[Duration]]<=30, "10 to 30 mins", calls[[#This Row],[Duration]]<=60, "30 to 60 mins", calls[[#This Row],[Duration]]<=120, "1 to 2 hours", TRUE, "More than 2 hours")} -> 30 to 60 mins | L22: =ROUND(calls[[#This Row],[Satisfaction Rating]],0) -> 4 | M22: =AVERAGE(calls[[#This Row],[Duration]]) -> 54
B23: Call_7290 | C23: C0006 | D23: 48 | E23: R05 | F23: 44932 | G23: 30 | H23: 4.4 | I23: =IF(MONTH(calls[[#This Row],[Date of Call]])<=6, YEAR(calls[[#This Row],[Date of Call]]), YEAR(calls[[#This Row],[Date of Call]])+1) -> 2023 | J23: =TEXT(calls[[#This Row],[Date of Call]],"DDDD") -> Friday | K23: {=_xlfn.IFS(calls[[#This Row],[Duration]]<=10,"Under 10 mins", calls[[#This Row],[Duration]]<=30, "10 to 30 mins", calls[[#This Row],[Duration]]<=60, "30 to 60 mins", calls[[#This Row],[Duration]]<=120, "1 to 2 hours", TRUE, "More than 2 hours")} -> 30 to 60 mins | L23: =ROUND(calls[[#This Row],[Satisfaction Rating]],0) -> 4 | M23: =AVERAGE(calls[[#This Row],[Duration]]) -> 48
B24: Call_7291 | C24: C0004 | D24: 128 | E24: R05 | F24: 44932 | G24: 72 | H24: 5 | I24: =IF(MONTH(calls[[#This Row],[Date of Call]])<=6, YEAR(calls[[#This Row],[Date of Call]]), YEAR(calls[[#This Row],[Date of Call]])+1) -> 2023 | J24: =TEXT(calls[[#This Row],[Date of Call]],"DDDD") -> Friday | K24: {=_xlfn.IFS(calls[[#This Row],[Duration]]<=10,"Under 10 mins", calls[[#This Row],[Duration]]<=30, "10 to 30 mins", calls[[#This Row],[Duration]]<=60, "30 to 60 mins", calls[[#This Row],[Duration]]<=120, "1 to 2 hours", TRUE, "More than 2 hours")} -> More than 2 hours | L24: =ROUND(calls[[#This Row],[Satisfaction Rating]],0) -> 5 | M24: =AVERAGE(calls[[#This Row],[Duration]]) -> 128
B25: Call_7292 | C25: C0004 | D25: 38 | E25: R04 | F25: 44933 | G25: 92 | H25: 4.9 | I25: =IF(MONTH(calls[[#This Row],[Date of Call]])<=6, YEAR(calls[[#This Row],[Date of Call]]), YEAR(calls[[#This Row],[Date of Call]])+1) -> 2023 | J25: =TEXT(calls[[#This Row],[Date of Call]],"DDDD") -> Saturday | K25: {=_xlfn.IFS(calls[[#This Row],[Duration]]<=10,"Under 10 mins", calls[[#This Row],[Duration]]<=30, "10 to 30 mins", calls[[#This Row],[Duration]]<=60, "30 to 60 mins", calls[[#This Row],[Duration]]<=120, "1 to 2 hours", TRUE, "More than 2 hours")} -> 30 to 60 mins | L25: =ROUND(calls[[#This Row],[Satisfaction Rating]],0) -> 5 | M25: =AVERAGE(calls[[#This Row],[Duration]]) -> 38
B26: Call_7293 | C26: C0003 | D26: 67 | E26: R04 | F26: 44934 | G26: 165 | H26: 4.5 | I26: =IF(MONTH(calls[[#This Row],[Date of Call]])<=6, YEAR(calls[[#This Row],[Date of Call]]), YEAR(calls[[#This Row],[Date of Call]])+1) -> 2023 | J26: =TEXT(calls[[#This Row],[Date of Call]],"DDDD") -> Sunday | K26: {=_xlfn.IFS(calls[[#This Row],[Duration]]<=10,"Under 10 mins", calls[[#This Row],[Duration]]<=30, "10 to 30 mins", calls[[#This Row],[Duration]]<=60, "30 to 60 mins", calls[[#This Row],[Duration]]<=120, "1 to 2 hours", TRUE, "More than 2 hours")} -> 1 to 2 hours | L26: =ROUND(calls[[#This Row],[Satisfaction Rating]],0) -> 5 | M26: =AVERAGE(calls[[#This Row],[Duration]]) -> 67
B27: Call_7294 | C27: C0015 | D27: 58 | E27: R02 | F27: 44934 | G27: 140 | H27: 2.1 | I27: =IF(MONTH(calls[[#This Row],[Date of Call]])<=6, YEAR(calls[[#This Row],[Date of Call]]), YEAR(calls[[#This Row],[Date of Call]])+1) -> 2023 | J27: =TEXT(calls[[#This Row],[Date of Call]],"DDDD") -> Sunday | K27: {=_xlfn.IFS(calls[[#This Row],[Duration]]<=10,"Under 10 mins", calls[[#This Row],[Duration]]<=30, "10 to 30 mins", calls[[#This Row],[Duration]]<=60, "30 to 60 mins", calls[[#This Row],[Duration]]<=120, "1 to 2 hours", TRUE, "More than 2 hours")} -> 30 to 60 mins | L27: =ROUND(calls[[#This Row],[Satisfaction Rating]],0) -> 2 | M27: =AVERAGE(calls[[#This Row],[Duration]]) -> 58
B28: Call_7295 | C28: C0010 | D28: 54 | E28: R01 | F28: 44934 | G28: 111 | H28: 3.3 | I28: =IF(MONTH(calls[[#This Row],[Date of Call]])<=6, YEAR(calls[[#This Row],[Date of Call]]), YEAR(calls[[#This Row],[Date of Call]])+1) -> 2023 | J28: =TEXT(calls[[#This Row],[Date of Call]],"DDDD") -> Sunday | K28: {=_xlfn.IFS(calls[[#This Row],[Duration]]<=10,"Under 10 mins", calls[[#This Row],[Duration]]<=30, "10 to 30 mins", calls[[#This Row],[Duration]]<=60, "30 to 60 mins", calls[[#This Row],[Duration]]<=120, "1 to 2 hours", TRUE, "More than 2 hours")} -> 30 to 60 mins | L28: =ROUND(calls[[#This Row],[Satisfaction Rating]],0) -> 3 | M28: =AVERAGE(calls[[#This Row],[Duration]]) -> 54
B29: Call_7296 | C29: C0012 | D29: 28 | E29: R05 | F29: 44935 | G29: 63 | H29: 4.1 | I29: =IF(MONTH(calls[[#This Row],[Date of Call]])<=6, YEAR(calls[[#This Row],[Date of Call]]), YEAR(calls[[#This Row],[Date of Call]])+1) -> 2023 | J29: =TEXT(calls[[#This Row],[Date of Call]],"DDDD") -> Monday | K29: {=_xlfn.IFS(calls[[#This Row],[Duration]]<=10,"Under 10 mins", calls[[#This Row],[Duration]]<=30, "10 to 30 mins", calls[[#This Row],[Duration]]<=60, "30 to 60 mins", calls[[#This Row],[Duration]]<=120, "1 to 2 hours", TRUE, "More than 2 hours")} -> 10 to 30 mins | L29: =ROUND(calls[[#This Row],[Satisfaction Rating]],0) -> 4 | M29: =AVERAGE(calls[[#This Row],[Duration]]) -> 28
B30: Call_7297 | C30: C0002 | D30: 73 | E30: R05 | F30: 44935 | G30: 80 | H30: 4.2 | I30: =IF(MONTH(calls[[#This Row],[Date of Call]])<=6, YEAR(calls[[#This Row],[Date of Call]]), YEAR(calls[[#This Row],[Date of Call]])+1) -> 2023 | J30: =TEXT(calls[[#This Row],[Date of Call]],"DDDD") -> Monday | K30: {=_xlfn.IFS(calls[[#This Row],[Duration]]<=10,"Under 10 mins", calls[[#This Row],[Duration]]<=30, "10 to 30 mins", calls[[#This Row],[Duration]]<=60, "30 to 60 mins", calls[[#This Row],[Duration]]<=120, "1 to 2 hours", TRUE, "More than 2 hours")} -> 1 to 2 hours | L30: =ROUND(calls[[#This Row],[Satisfaction Rating]],0) -> 4 | M30: =AVERAGE(calls[[#This Row],[Duration]]) -> 73
... B1003: Call_8270 | C1003: C0009 | D1003: 114 | E1003: R01 | F1003: 45291 | G1003: 40 | H1003: 3.9 | I1003: =IF(MONTH(calls[[#This Row],[Date of Call]])<=6, YEAR(calls[[#This Row],[Date of Call]]), YEAR(calls[[#This Row],[Date of Call]])+1) -> 2024 | J1003: =TEXT(calls[[#This Row],[Date of Call]],"DDDD") -> Sunday | K1003: {=_xlfn.IFS(calls[[#This Row],[Duration]]<=10,"Under 10 mins", calls[[#This Row],[Duration]]<=30, "10 to 30 mins", calls[[#This Row],[Duration]]<=60, "30 to 60 mins", calls[[#This Row],[Duration]]<=120, "1 to 2 hours", TRUE, "More than 2 hours")} -> 1 to 2 hours | L1003: =ROUND(calls[[#This Row],[Satisfaction Rating]],0) -> 4 | M1003: =AVERAGE(calls[[#This Row],[Duration]]) -> 114

Sheet Pivots
A3: Call Count | B3: Total Amount | C3: Total Duration | D3: Avg Rating | E3: 5* Calls
A4: 1000 | B4: 96623 | C4: 89850 | D4: 3.8854 | E4: 307
A9: Call Count | B9: Total Amount | C9: Total Duration | D9: Avg Rating | E9: 5* Calls
A10: 186 | B10: 16651 | C10: 17807 | D10: 3.8973118 | E10: 62
A16: Row Labels | B16: Call Count | C16: Call Count2 | F16: Row Labels | G16: Call Count
A17: Jan | B17: 10 | C17: 10 | F17: Monday | G17: 23
A18: Feb | B18: 11 | C18: 11 | F18: Tuesday | G18: 28
A19: Mar | B19: 30 | C19: 30 | F19: Wednesday | G19: 29
A20: Apr | B20: 23 | C20: 23 | F20: Thursday | G20: 18
A21: May | B21: 22 | C21: 22 | F21: Friday | G21: 29
A22: Jun | B22: 11 | C22: 11 | F22: Saturday | G22: 34
A23: Jul | B23: 17 | C23: 17 | F23: Sunday | G23: 25
A24: Aug | B24: 12 | C24: 12 | F24: Grand Total | G24: 186
A25: Sep | B25: 13 | C25: 13
A26: Oct | B26: 15 | C26: 15
A27: Nov | B27: 8 | C27: 8
A28: Dec | B28: 14 | C28: 14
A29: Grand Total | B29: 186 | C29: 186
F43: For Graph
F44: Reps | G44: Calls | H44: Amount | I44: Sel.calls | J44: Sell.Amounts
A45: Row Labels | B45: Call Count | C45: Total Amount | F45: =A46 -> R01 | G45: =B46 -> 189 | H45: =C46 -> 18415 | I45: =IF(F45=$C$55,G45,NA()) -> #N/A | J45: =IF(F45=$C$55,H45,NA()) -> #N/A
A46: R01 | B46: 189 | C46: 18415 | F46: =A47 -> R02 | G46: =B47 -> 218 | H46: =C47 -> 20581 | I46: =IF(F46=$C$55,G46,NA()) -> #N/A | J46: =IF(F46=$C$55,H46,NA()) -> #N/A
A47: R02 | B47: 218 | C47: 20581 | F47: =A48 -> R03 | G47: =B48 -> 207 | H47: =C48 -> 20872 | I47: =IF(F47=$C$55,G47,NA()) -> #N/A | J47: =IF(F47=$C$55,H47,NA()) -> #N/A
A48: R03 | B48: 207 | C48: 20872 | F48: =A49 -> R04 | G48: =B49 -> 186 | H48: =C49 -> 16651 | I48: =IF(F48=$C$55,G48,NA()) -> 186 | J48: =IF(F48=$C$55,H48,NA()) -> 16651
A49: R04 | B49: 186 | C49: 16651 | F49: =A50 -> R05 | G49: =B50 -> 200 | H49: =C50 -> 20104 | I49: =IF(F49=$C$55,G49,NA()) -> #N/A | J49: =IF(F49=$C$55,H49,NA()) -> #N/A
A50: R05 | B50: 200 | C50: 20104
A51: Grand Total | B51: 1000 | C51: 96623
B55: Selected Rep | C55: =A58 -> R04
A57: Row Labels
A58: R04
B63: Column Labels
A64: Row Labels | B64: Female | C64: Male | D64: Grand Total
A65: Cincinnati | B65: 144 | C65: 132 | D65: 276
A66: Cleveland | B66: 326 | C66: 63 | D66: 389
A67: Columbus | B67: 129 | C67: 206 | D67: 335
A68: Grand Total | B68: 599 | C68: 401 | D68: 1000
A73: Row Labels | B73: Call Count
A74: 1 | B74: 3
A75: 2 | B75: 10
A76: 3 | B76: 41
A77: 4 | B77: 70
A78: 5 | B78: 62
A79: Grand Total | B79: 186
A83: Total Amount | B83: Column Labels
A84: Row Labels | B84: R01 | C84: R02 | D84: R03 | E84: R04 | F84: R05 | G84: Grand Total
A85: Cincinnati
A86: C0003 | B86: 891 | C86: 1332 | D86: 1282 | E86: 739 | F86: 560 | G86: 4804
A87: C0004 | B87: 1991 | C87: 1886 | D87: 1206 | E87: 884 | F87: 1722 | G87: 7689
A88: C0011 | B88: 1163 | C88: 1180 | D88: 1616 | E88: 1043 | F88: 1747 | G88: 6749
A89: C0012 | B89: 1438 | C89: 1616 | D89: 866 | E89: 829 | F89: 2070 | G89: 6819
A90: Cleveland
A91: C0002 | B91: 1233 | C91: 223 | D91: 1680 | E91: 990 | F91: 1508 | G91: 5634
A92: C0007 | B92: 1598 | C92: 1907 | D92: 869 | E92: 1426 | F92: 1416 | G92: 7216
A93: C0008 | B93: 900 | C93: 1016 | D93: 960 | E93: 940 | F93: 1193 | G93: 5009
A94: C0010 | B94: 900 | C94: 1470 | D94: 1617 | E94: 1314 | F94: 941 | G94: 6242
A95: C0013 | B95: 1255 | C95: 516 | D95: 1874 | E95: 1863 | F95: 1722 | G95: 7230
A96: C0015 | B96: 1138 | C96: 1898 | D96: 1482 | E96: 846 | F96: 1154 | G96: 6518
A97: Columbus
A98: C0001 | B98: 1655 | C98: 805 | D98: 2263 | E98: 987 | F98: 1075 | G98: 6785
A99: C0005 | B99: 1104 | C99: 2280 | D99: 1445 | E99: 1722 | F99: 1196 | G99: 7747
A100: C0006 | B100: 372 | C100: 1818 | D100: 1346 | E100: 1156 | F100: 1484 | G100: 6176
A101: C0009 | B101: 1415 | C101: 1271 | D101: 1214 | E101: 1135 | F101: 1566 | G101: 6601
A102: C0014 | B102: 1362 | C102: 1363 | D102: 1152 | E102: 777 | F102: 750 | G102: 5404

Sheet Customer Center Report
O17: R01 | P17: R02 | Q17: R03 | R17: R04 | S17: R05
N18: =Pivots!A85 -> Cincinnati | T18: TOTAL
N19: =Pivots!A86 -> C0003 | P19: =Pivots!C86 -> 1332 | Q19: =Pivots!D86 -> 1282 | R19: =Pivots!E86 -> 739 | S19: =Pivots!F86 -> 560 | T19: =Pivots!G86 -> 4804
N20: =Pivots!A87 -> C0004 | O20: =Pivots!B87 -> 1991 | P20: =Pivots!C87 -> 1886 | Q20: =Pivots!D87 -> 1206 | R20: =Pivots!E87 -> 884 | S20: =Pivots!F87 -> 1722 | T20: =Pivots!G87 -> 7689
N21: =Pivots!A88 -> C0011 | O21: =Pivots!B88 -> 1163 | P21: =Pivots!C88 -> 1180 | Q21: =Pivots!D88 -> 1616 | R21: =Pivots!E88 -> 1043 | S21: =Pivots!F88 -> 1747 | T21: =Pivots!G88 -> 6749
N22: =Pivots!A89 -> C0012 | O22: =Pivots!B89 -> 1438 | P22: =Pivots!C89 -> 1616 | Q22: =Pivots!D89 -> 866 | R22: =Pivots!E89 -> 829 | S22: =Pivots!F89 -> 2070 | T22: =Pivots!G89 -> 6819
N23: =Pivots!A90 -> Cleveland
N24: =Pivots!A91 -> C0002 | O24: =Pivots!B91 -> 1233 | P24: =Pivots!C91 -> 223 | Q24: =Pivots!D91 -> 1680 | R24: =Pivots!E91 -> 990 | S24: =Pivots!F91 -> 1508 | T24: =Pivots!G91 -> 5634
N25: =Pivots!A92 -> C0007 | O25: =Pivots!B92 -> 1598 | P25: =Pivots!C92 -> 1907 | Q25: =Pivots!D92 -> 869 | R25: =Pivots!E92 -> 1426 | S25: =Pivots!F92 -> 1416 | T25: =Pivots!G92 -> 7216
N26: =Pivots!A93 -> C0008 | O26: =Pivots!B93 -> 900 | P26: =Pivots!C93 -> 1016 | Q26: =Pivots!D93 -> 960 | R26: =Pivots!E93 -> 940 | S26: =Pivots!F93 -> 1193 | T26: =Pivots!G93 -> 5009
N27: =Pivots!A94 -> C0010 | O27: =Pivots!B94 -> 900 | P27: =Pivots!C94 -> 1470 | Q27: =Pivots!D94 -> 1617 | R27: =Pivots!E94 -> 1314 | S27: =Pivots!F94 -> 941 | T27: =Pivots!G94 -> 6242
N28: =Pivots!A95 -> C0013 | O28: =Pivots!B95 -> 1255 | P28: =Pivots!C95 -> 516 | Q28: =Pivots!D95 -> 1874 | R28: =Pivots!E95 -> 1863 | S28: =Pivots!F95 -> 1722 | T28: =Pivots!G95 -> 7230
N29: =Pivots!A96 -> C0015 | O29: =Pivots!B96 -> 1138 | P29: =Pivots!C96 -> 1898 | Q29: =Pivots!D96 -> 1482 | R29: =Pivots!E96 -> 846 | S29: =Pivots!F96 -> 1154 | T29: =Pivots!G96 -> 6518
N30: =Pivots!A97 -> Columbus
N31: =Pivots!A98 -> C0001 | O31: =Pivots!B98 -> 1655 | P31: =Pivots!C98 -> 805 | Q31: =Pivots!D98 -> 2263 | R31: =Pivots!E98 -> 987 | S31: =Pivots!F98 -> 1075 | T31: =Pivots!G98 -> 6785
N32: =Pivots!A99 -> C0005 | O32: =Pivots!B99 -> 1104 | P32: =Pivots!C99 -> 2280 | Q32: =Pivots!D99 -> 1445 | R32: =Pivots!E99 -> 1722 | S32: =Pivots!F99 -> 1196 | T32: =Pivots!G99 -> 7747
N33: =Pivots!A100 -> C0006 | O33: =Pivots!B100 -> 372 | P33: =Pivots!C100 -> 1818 | Q33: =Pivots!D100 -> 1346 | R33: =Pivots!E100 -> 1156 | S33: =Pivots!F100 -> 1484 | T33: =Pivots!G100 -> 6176
N34: =Pivots!A101 -> C0009 | O34: =Pivots!B101 -> 1415 | P34: =Pivots!C101 -> 1271 | Q34: =Pivots!D101 -> 1214 | R34: =Pivots!E101 -> 1135 | S34: =Pivots!F101 -> 1566 | T34: =Pivots!G101 -> 6601
N35: =Pivots!A102 -> C0014 | O35: =Pivots!B102 -> 1362 | P35: =Pivots!C102 -> 1363 | Q35: =Pivots!D102 -> 1152 | R35: =Pivots!E102 -> 777 | S35: =Pivots!F102 -> 750 | T35: =Pivots!G102 -> 5404

Sheet Assets
E2: Rep ID | F2: Rep Image
E3: R01 | F3: #VALUE!
E4: R02 | F4: #VALUE!
E5: R03 | F5: #VALUE!
E6: R04 | F6: #VALUE!
E7: R05 | F7: #VALUE!
